title,author,first_publish_year,edition_count,language,ratings_average,isbn,openlibrary_key
Aplikasi Analisis Multivariate Dengan Program IBM SPSS 25 (9th ed),"Imam ghozali, 2018",2018,2,ind,4.27,"9797040151, 9789797040154",/works/OL28215322W
Core Python Programming,R. Nageswara Rao,2016,5,"eng, hin",3.43,"9789351199427, 9351199428, 9789390457151",/works/OL30906747W
The Program,Suzanne Young,2013,3,eng,4.09,"9781442445819, 1442445807, 9781442445802",/works/OL16557740W
Programming with Java,E. Balagurusamy,2001,7,eng,2.86,"9780074635421, 0070617139, 9780070141698",/works/OL22705232W
C++ Programming,D. S. Malik,2004,14,eng,4.00,"1423902092, 0619160446, 9780538798136",/works/OL8221396W
Eloquent Javascript,Marijn Haverbeke,2009,11,eng,4.25,"1718504101, 9781593279509, 1593279507",/works/OL15444205W
C How to Program,"Paul J. Deitel, Harvey M. Deitel",2007,25,"hin, eng",,"129244326X, 9780132404167, 0273776843",/works/OL7943173W
Core Python programming,Wesley Chun,2006,2,eng,4.00,"9780132269933, 9780137061594, 0132269937",/works/OL12409294W
Excel VBA Programming For Dummies,John Walkenbach,2004,15,eng,,"1118490371, 9781119077398, 1119518245",/works/OL15170814W
Computer Programming : This Book Includes,Computer Programming Academy,2020,2,eng,2.50,"9798604302019, 9798604270523",/works/OL21908706W
Beginning programming with Java for dummies,"Barry A. Burd, Barry Burd",2003,22,eng,3.00,"9780764599255, 0764599259, 9780764588747",/works/OL3372614W
Black Hat Python,"Justin Seitz, Tim Arnold",2014,3,"eng, pol",3.45,"1718501129, 9788328312500, 9781593275907",/works/OL19547345W
Python Data Science,Programming Languages Programming Languages Project,2019,1,eng,,"1702759377, 9781702759373",/works/OL30212888W
Game Programming Patterns,Robert Nystrom,2011,4,eng,4.80,"9780990582908, 1430231505, 0990582906",/works/OL19650342W
The Rust Programming Language,"Steve Klabnik, Carol Nichols, Carol Nichols",2018,4,eng,4.67,"9781718503106, 9781718500440, 9781593278281",/works/OL19080231W
Fluent Python,Luciano Ramalho,2015,6,eng,4.83,"9788575224625, 9781491946251, 9781492056355",/works/OL19932156W
Python for Beginners : 2 Books in 1,Programming Languages ACADEMY,2021,1,eng,,9798722827302,/works/OL30980985W
The Magicians,Lev Grossman,2009,16,eng,3.47,"1684155657, 9781410422545, 0143144391",/works/OL2679341W
"Good Sports (Clifford the Big Red Dog Phonics Fun Reading Program, Book 2)",Francie Alexander,2003,48,eng,4.33,"9780439409360, 0439409594, 9780439409339",/works/OL816016W
C++ programming,"Larry Ullman, Andreas Signer",2005,5,eng,4.00,"032135656X, 0132712350, 9780321448286",/works/OL5740518W
Effective Java,Joshua Bloch,2001,10,"chi, eng, ger",4.56,"9781533251497, 3827319331, 9780134685991",/works/OL6223299W
The Go Programming Language,"Alan A. A. Donovan, Brian W. Kernighan",2015,7,"chi, eng",4.33,"9789332569713, 9332569711, 9789864761333",/works/OL17348524W
"SQL, PL/SQL the Programming Language of Oracle",Ivan Bayross,2010,1,eng,5.00,"9788176569644, 817656964X",/works/OL19653033W
Java how to program--early objects,"Paul J. Deitel, Harvey M. Deitel",2011,14,eng,5.00,"0133807924, 9780132577632, 9780134751856",/works/OL19543270W
Python,Computer Programming Academy,2019,1,eng,5.00,"9781676772941, 1676772944",/works/OL21891033W
National health programs of India,J. Kishore,2011,2,eng,5.00,"8188132497, 9788188132133, 8188132136",/works/OL5764202W
Python crash course,Eric Matthes,2015,2,eng,4.50,"1593277407, 9781593276034, 9781593277406",/works/OL17920482W
Intro to Python,Programming For Scientists,2020,1,eng,,9798638149550,/works/OL30517227W
Java how to program,"Paul J. Deitel, Harvey M. Deitel",2005,19,"por, eng",3.00,"0273759760, 0136053068, 9788120345027",/works/OL7943177W
Let us C,Yashavant P. Kanetkar,2007,1,eng,3.00,"8183331637, 9788183331630",/works/OL17734885W
